{"version":14,"hash":{"type":"Buffer","data":"NEEhrXhEvHKlcLYxIs6e20fLiMHklz0ab24qOp5K8heluQ/YpNICzcgFHCIyaDg8qdiS+8xBElUDzP9uyMuq/BBaBrnSLIpYLzCAuqJ6z9AgCxNkb74vNG7OGxlnD6TVT1qMJY1vClNuOpp3TDe0h9+y44Ena+FYfJwHcE0Sky0="},"indexValueMap":{"7M5POzoPpV/Njn44s9HwbM8lXB2177Bh2xvul52GLts=":{"valueMac":{"type":"Buffer","data":"aGr9mmc2ojGbOUvPelnNydcpscNzw1ghN2wNpNZutUw="}},"sNr+V/pDPr6YZLEuLw9nKK5BbFTAB3LaXbaYYm4DSVM=":{"valueMac":{"type":"Buffer","data":"OSbPvwGFEHaD1lUX1yVNc5elyWhysCVVQTdloypWDCs="}},"5OawypoZh2ukJQ00R5gVo8ufXZL4A1Dve2iuxtrjnQg=":{"valueMac":{"type":"Buffer","data":"v8Cg7Nm14r1uvnAp/u+u6Ydc2bPfQWrlSmnvHm4k5wg="}},"ksBIx7T5oxYTILzxS4VU0JcjKceQP730AC4DL7JkkKM=":{"valueMac":{"type":"Buffer","data":"snblupWdxokmb3TdtVqRN8hhMGp/3J8bCpe4RNj+k4s="}},"DWYt8wjerklm32WSAeKNIQvAJUWXULkel/Y6wcDiMdM=":{"valueMac":{"type":"Buffer","data":"Z+aYTaG6awSWvPPZhkVNFYA1Npoec8VsgvHNka+qsCY="}},"ZE2+2QfHoROLF5MKN7SsJ06R+00RwoyfoBoFDEDwaRQ=":{"valueMac":{"type":"Buffer","data":"7hSKmN0ZTf5JmYKzjXIUAI8HNFciN07qw9crDnNnqjI="}},"lXYh/MLqGAGguZHBUnNUCUm0n7CiGK2PFg3h8aYn8Lg=":{"valueMac":{"type":"Buffer","data":"tXeqHPXkjN7oQp6ZltRhLRuO7cfthA+NcXTIVyanerY="}},"zIQgVW1X+YvHEdj5BaSwY43t0SYa7hZh+IYUx0HUFZg=":{"valueMac":{"type":"Buffer","data":"mwfqUaoqohx2hWSVXDNm4zXbE6bQLSn7Q2/jz2jUN5Q="}},"JUni7sNc3PDqfvIp7/WrpVYF/AiEqZqrMYGWI48ydJM=":{"valueMac":{"type":"Buffer","data":"y0cWLH8+m08A62QnKVodF0OmKmnxqrZqphBvYFPkNYQ="}},"nA/DFZqYQ4YjuRJpOruxFW/SexgsWEuDENu6GssQV40=":{"valueMac":{"type":"Buffer","data":"mt2AxctgWCzSE7qfU0tU8SQvVERUZfm7Jg8fRBP95Kk="}},"2zzduVtVpCMoPxJ2bFBelFUY0471hwRJ2FGlNY4RGps=":{"valueMac":{"type":"Buffer","data":"he1/cAmCJIr37bxcuBkLk1VNebreN4JZ1AUpa7sm59Q="}},"cVd48uZ1yorT4dtz8PaynvikDznxcZ9JUg0fxQVsHu0=":{"valueMac":{"type":"Buffer","data":"ePjWgHfRF9Wl8UYBwEhFFm7FmtH+Xpp8Uwz21bLJMs4="}},"GJlckVcknM7G3AXQ2iy7LRaXWVFUHRsQCdONDEPArLo=":{"valueMac":{"type":"Buffer","data":"PzLw1n9OpYFQugc4GyPgWYavuD8GzNYPclZw7Skzafw="}},"licftHJi/nr11S+dM2rV3OMiHJRiaOqhrs9R2gBV+pg=":{"valueMac":{"type":"Buffer","data":"BH+sv+MiTju3x3/OtSEt4ueObGMsW+jZioHdxS7X7Tw="}},"QkqEMFb0QzeejU+80dbOW/xkOjqBWvcnjQfPLGKCv9I=":{"valueMac":{"type":"Buffer","data":"+J7Za8pZjfD4ZdhvjdHWV6KI37H+9/F8P1l0Sd7hJy0="}},"buerhA/76DXDG/zLGf1P0w+Dq+YysMo1RtlGypt9mW8=":{"valueMac":{"type":"Buffer","data":"d5utybMkfBWceLik7FqArMqRVNmFLy3pwu0iBm80fdU="}},"nnweg2Z9bNgyt8fqo19WgGX69qzs9h7DyaQAZGq1rXc=":{"valueMac":{"type":"Buffer","data":"X8wCWuJ/HvgIpZ++WSRMearPHBGRe7EN0hxihafN7dU="}},"JPV2vjElCE8fIpDKB5X8x3X1ZInv/2FnNw/2lEMIFls=":{"valueMac":{"type":"Buffer","data":"zpLqdAVLOIE3mglyF2FanfRXwtGCJOC+3OpRSZ6MSB8="}},"/D4yFzVLJV11+yWxKA7ljlV0TuiGSqJ4IiHRlqdCYpY=":{"valueMac":{"type":"Buffer","data":"hSaFBTszza5lU6H63kh0/PcAtZQHpej4BaqWVsnuX4s="}},"xmfZfp50uKUQ/fzldcdRTUo7blc9P6iTR6NzJvIQSKE=":{"valueMac":{"type":"Buffer","data":"i7gX/Qyvxiz61hYGe/Sn5L95vrZLZiQLyAnb3W5s4m8="}},"vsftjm+PuYNv7UXTJjCUMb9QjlZt9bzgc/TddEogx5U=":{"valueMac":{"type":"Buffer","data":"Jj4vMSH5nTHmuu5MpfvbI/Eu4pHMZyDKnoCSFy4lXhc="}},"/+B5yi7IYJ0h6FMkYgjRw+SKczR5I0smVcabS0lzBZ8=":{"valueMac":{"type":"Buffer","data":"bDKL3dNZoAhXfDEhzIqXcZa11z6ARXgKEjzdc5DklHo="}},"H/XG8VA8TmegwUAhSUQlr11pdsrq7uwW66M8667bLdc=":{"valueMac":{"type":"Buffer","data":"BldXecfVbIA99kkepJpPimzvj6hOnB0KOr1uZAE+F7o="}},"Sl0xOPaMNoeuUYre8sI7dyvsESDBPdUhHmR3SIj9m5Y=":{"valueMac":{"type":"Buffer","data":"nvF20uTaByXffgF08maF2CVI3iYWcrSqZk/xyKJsOIQ="}},"mpeDfbdlScuIBGT5hhu+7JK4o6JtC0soiM0kBvZVadc=":{"valueMac":{"type":"Buffer","data":"wXB1h/mzK+B4L7iaaBc6TJN9IURxuJKbYJjKTob+m1s="}},"cqBdekrrQR+Rl2j3vWKk+YVBNstRFgNnKl51ozjbc5Q=":{"valueMac":{"type":"Buffer","data":"/6qoXJNrADoSm+tw4LZC4EGfnDK1ymIMkvthGDO8a5g="}},"KoU9++gnf8dOD8XNoJzNtR3EXr0JgAdr7SRl/IYpvBE=":{"valueMac":{"type":"Buffer","data":"Z6Nwm0zwMcr6RdE4/wV2TQpMcICiHy7pUo29MSvlN/w="}},"oE5TCdoVlW6DT7CEZW7T/5irWvKFbULYjaVipgON1SI=":{"valueMac":{"type":"Buffer","data":"ID/DKNAVjI6NfLAqOW4oJlXsWpfNidrSe0mbsPdq1jY="}},"r5Q3mvqAASthCWDkMLR6iC060EA5mCkolmYk/Oe0N5U=":{"valueMac":{"type":"Buffer","data":"fXXHnpX1u/VYgz49uFspIKyF5oKx93EP81DAPv2S8WA="}},"f/sKUm0aQP55P4j5NFFN2evw/qOR2Q8YAys5qt7s3jU=":{"valueMac":{"type":"Buffer","data":"V5pq5MDvcjc8f9d1e36ItU8/a6/IqLadV72Gf8X7MvM="}},"Wufhfq8x7O13UQlIuDMt1Zj+KwbD09iRyy4Qla1QVNc=":{"valueMac":{"type":"Buffer","data":"/SmN1Jzw9j1kUd3AAT/yJDODXjx+8/HN91HuTo2+0V4="}},"SohrX9NYLrt3D0ef/An9oVyj19UVIE3UhXyCqaAGY/U=":{"valueMac":{"type":"Buffer","data":"0qQnPiQywtcQ4LU5qssX0miqiXpp/sA6XOMHIUp20AM="}},"Q0a7FL8VUbNxQkmxpu1AOS4kLFqXgqgfNj/N6Rt10VQ=":{"valueMac":{"type":"Buffer","data":"jdJXyF+uHIJRgu8gezVt9zZmGo7FlulU/4Wa3LIC6uY="}},"kLoxpeJsO8isvHmTMHnArlRVI8nXB6rROwPuCHAOnik=":{"valueMac":{"type":"Buffer","data":"yn5VG+1ECR7cZqGOCSnPvkhjqeV/h4yOO/MaDDE5D0U="}},"HUlZaQsSJqCdRHPIphRcqHNldPNcTz1OY8r9O82CUo0=":{"valueMac":{"type":"Buffer","data":"xEu/YiM4cXZzwM2OkwCoaB3xDkdrtseD8aVlzYw+Y2Y="}},"rvyzbfx1JJXa4qFwV2h2vxo9irOYE+tCtpQ0lZWbyAg=":{"valueMac":{"type":"Buffer","data":"u2ga23XHbkWFtPM1yoqKEV8T2iFy8YNoSV/yxsrmKxQ="}},"qE/2aZhmfvr0qMoRcZaapp4qrYOVFcsP1WTU/K+Kj8o=":{"valueMac":{"type":"Buffer","data":"gXAq+aF1WMBxlWdrj8ahmQSkCmP9GpgSjpM67FLu1Ww="}},"40Dqxwwq0JTP3wgZsDleLrbXNBQgoUAcytnjuJa1kQ4=":{"valueMac":{"type":"Buffer","data":"y7Z55Zhw0L6zstkyXHswrIxWuWffvKbVmM2PWHbG6gI="}},"lsY7eWm9KGfYQ+umlFvf0VvWLLav6BWALc4k81hf3Zg=":{"valueMac":{"type":"Buffer","data":"2Txvg1RCrl0gBMupDncOdRH+yCOOdkMo8Hsqgar1Ags="}}}}