{"version":2,"hash":{"type":"Buffer","data":"Geb4y73y0mpJatbpMLsNHw2YXiQ2XElZ7I8hD+g8JSJPidtvdh6CPQJmGZZad2VQ/qIJOXV/rin7JyW+ZxDnK2ajul6baniMLb5hsDS4ZgBfaGIWdTC7P7fWyvM7A5hhk23ZH/WmiXtRXxNJjCjs9t2yBVmDpvPlg3VkwLmwhQo="},"indexValueMap":{"acZfvkqVkWJXYetukL/sRtQp8ahR7myvnIkHLc9YbNw=":{"valueMac":{"type":"Buffer","data":"PzkGH5X9JGaA4OUBv8mLdslzesaLbnIpyH2/ytF3qQY="}},"LtQQrkzvVcKrMr0t+PFEsvB+c5DnMAGjQ8l+zT9icY8=":{"valueMac":{"type":"Buffer","data":"iCkvYK8Fk5Gn0Y7LJNRMtvN8MxQ0jSjReea3n4KRdgA="}}}}