{"version":14,"hash":{"type":"Buffer","data":"c672s3sdEEZAb9HIxuHHyhz7DFimyfwg7txmAZA3+tAbtdpMwCfmtL8amfRvqRVYAAvYK1PmNI5lblz5dgeLiNAjnb9KUEx673SyJRsC0KzP2UdPU3vcScU65+MKujEcHtF+krN+zXYj41xi/R1Tu1F8BuRNm3emTeet0NfrSbQ="},"indexValueMap":{"ioWm6Nsi47lqxmuslOfY/h29MQzY5x5mWpym5KM6qX0=":{"valueMac":{"type":"Buffer","data":"LxgUqLm9A6iMxjIjGiscBekMp9/4hG3HaCfgKxeCaDY="}},"BCh/R8AsMW9yNUVqskCeV3hZ6dYgLWI8RS2j8vSigFU=":{"valueMac":{"type":"Buffer","data":"rSi1dx3tp06ylaVetTayMplBGROEeRSxhK6ekOjFoBg="}},"ifM4JT2Kf6bH+gSV404mHk3RY4WEXxXvxyBPlhiOJfo=":{"valueMac":{"type":"Buffer","data":"U+9HbeAgWLSkG97unybolodn7xBYTBhWCWeKV23/UO4="}},"KL/4SsjMdL0RwZS38SjUcPsa4cG/zW00NgfiuSdOUyY=":{"valueMac":{"type":"Buffer","data":"syGgoR4/Lh7bPSx3BxOjEAJrmbkAs6d5lAlP4WVywr0="}},"eS3qQXrARqQL2q3Tg0gzcxJgMD5PxdkV+I4YH2QN3so=":{"valueMac":{"type":"Buffer","data":"ua8+HHET9uGkOvY5iLlPJUoBTlyHqdG2H/IjiqvGyto="}},"nFcRYE1M+DYSgRySUlwguxWE6GExehRmWGaB2hdtHjo=":{"valueMac":{"type":"Buffer","data":"LJqCD0PAoXe8MbmSMHIID8t1WkSPAWwJSeu2W8hF1Pg="}},"//Miy9agQzkFaU0kjiUU128YyM5ZfONBR2I3m5h8mgU=":{"valueMac":{"type":"Buffer","data":"f5pDMo5x1cHpGA1vvJHwPgcRXd5BLoHDIVsTvJjxADs="}},"y09GM5dohNUF1tsrYaKrvngGAr+YHAhFQFU65Pu1TVM=":{"valueMac":{"type":"Buffer","data":"mzk0FZehJxBobD6zlKMH1tVCZryYHPfNGLRQ1wvnTK8="}},"VMUiOBAT6kjda+at4dA2sai+rxI87EfEjR7s2etodB4=":{"valueMac":{"type":"Buffer","data":"cnhI3g3Ii+N1Qj4K3ZxMHZA+4PXMCNUSsmxLJt9xwyk="}},"lK1uhCa9vuFX7j2CcdZh/E0R8FbIbLdR0+pw47wi2Fg=":{"valueMac":{"type":"Buffer","data":"w18rT+N9bSH/cP8NcSOnnoV6GA0flwRFC6LpkKc0zCs="}},"ys0xatNBXYrkIa2m/Xy5bJYn6BlgYayCn97IuX5uZbE=":{"valueMac":{"type":"Buffer","data":"IfCTVbvdMBe0p4tI/tTra8S4XKVaz0dxm8NnOzWokyM="}},"gZickoFyKu3qEUx9YlJh5uqhwxePIb026lqL/Rxb8yg=":{"valueMac":{"type":"Buffer","data":"4L5e6onCALw92Vsv+QvS7jiJDF+UmygphfQ4+SUAPEU="}},"+bJ4pcf2WWbrClXSeWVTJ214e3wtuyIEMLCGeylV5Us=":{"valueMac":{"type":"Buffer","data":"eDOPCBgC3tstBFyWO9u+P5dS1+QgtH7V/medu29RjWE="}},"+zBVer+LYvVNZnR3QyAm5h6dypfi2SP4TAFJ0yZdADs=":{"valueMac":{"type":"Buffer","data":"DUYCV/YvWShn14hL7oviqXSI2FfJ1+gf6LuxYaur5LI="}},"Re+eRCyXw4mddYeSuBWH3KciddQoVypedMmvQprJxPU=":{"valueMac":{"type":"Buffer","data":"B2rVABhCjqyf7di8OiRZVYzG7SB6xA4jp441cOjHIko="}},"NjaCX/XQ1AK6Li1eH1wHx+IyIIJYZ1p7pQ52HKz95QE=":{"valueMac":{"type":"Buffer","data":"Y5nlAWsY3fU53bb75sOx2IggBT4Iss3henQeMj5uUf4="}},"E+5mQSBMjHE/2JCp9tESj4vRu/RR9SQptcYm3lwYvMk=":{"valueMac":{"type":"Buffer","data":"2/vw2gFH87eC/Eu/km/VNAspQD5FO+ZAlGspONdTV3E="}},"/+6S2tuT6OadEmqf/nYc6NHMawyJPmpDTW7WHDWKmlY=":{"valueMac":{"type":"Buffer","data":"nXEuW0ZfIX60WfjivEDiI+JR5idpIBaqXFZruEArAHE="}},"JjmWG/M8flClJy5W8jlYlWXzomKy1k4Zik2y7CheJ3A=":{"valueMac":{"type":"Buffer","data":"Dfb9MVtmTPg7xRarv1zG4XmZQquwN0J6Wdg8PSs2Aqg="}},"U04fBu0UR1I7ALySxYjBdFqbNpOc6ns6Q0wWZ8Zvmw4=":{"valueMac":{"type":"Buffer","data":"kxQKUSAFoThotrobPWcdvl7s2sgbVmqSJ6ET1UPuGzk="}},"ZTNVQfMXhRrKiB9P6hu2AIxK/VI+cyvJ+uVCyG3/a1Y=":{"valueMac":{"type":"Buffer","data":"x08XJrEtlw9/lIUjF3iuacYjsIKH4KAC7uOuAZxYfAQ="}},"H/4cop6IiCSh0ydb+b0EGd5lKKLRWNrPZ27/ORDNujg=":{"valueMac":{"type":"Buffer","data":"CJPy8464q30rPQ1s8/zud+QzaruyL3cPldbfvh1HnhI="}},"TWJwmOB/mZggGX0wn3alJHt6uxm4zF6fKU9HlPjBgAA=":{"valueMac":{"type":"Buffer","data":"C48JY0dvExwfAqFRGQ9Za5B6Oh3eopWCEpgQ41ij+y8="}},"cHXGd92PERPUCr7U6o7J0HiXPM9xHSzH0aTyl/zrtiA=":{"valueMac":{"type":"Buffer","data":"IHzP7i53TfwqNIAaPg4x1+hcNsqR8NpMNk8XaNLKg/M="}},"ninwYoFHTvJ0lLCMnvyetZHOtv7kaUbe4hN/J7Y3u+E=":{"valueMac":{"type":"Buffer","data":"D71h6fHU90IvCWRZ+YmYIO/pvdkezUOWP0ny+kVjyhA="}},"xEuWwQ8M9Oo2gK/GZiyVKA72ofoAR6nDzlpnUM2c7QI=":{"valueMac":{"type":"Buffer","data":"XXXa1NTnTtItSC1D2316ZfXyO80TknnZNOtR9x/rFkg="}},"SPH0LAnychc6Sb+5i9aOL9ATz7W3pQx3mhVPJbglros=":{"valueMac":{"type":"Buffer","data":"dE+HiUTDAevLirg254XVACk4X5YVofYElq6y5zA43y8="}},"qcRVeCKuXcHMhx2j99ObrwWUIe3NBaLjztzjcaVMACA=":{"valueMac":{"type":"Buffer","data":"0Z3cboHGuqA+95oLtHtd329k1t8eQsnnSS1L2Dqd1VI="}},"CF7cCCi6HHwyCdDUNAb8VafbBwi092kX+LN+lDuV6OY=":{"valueMac":{"type":"Buffer","data":"yqNCtu2tbR6sWVMcMxtXucHMfCeThbj6f23WwxOD1do="}},"tFWWI4ZfI9rnbxsIFuHCrtd2WFq92YRwvCa16TvOhOI=":{"valueMac":{"type":"Buffer","data":"7AWhXZMWGLznQRy655WMS1Jcj0bqXW3RSeIfXjKKejQ="}},"TXuBfRnSlMUQ6RtnnIPOl8OrV3GWX8pVuJL4hech15A=":{"valueMac":{"type":"Buffer","data":"cbI/T449eWeMZIHQ4W6MwQCBntz76m7YohzJNzaRa4g="}},"wv2xC72ckn4GuXsXlK1zLBJmvXPHRUXi9/DojIJSbVY=":{"valueMac":{"type":"Buffer","data":"C6haMyB6lAKP+J2P/r8F+NiOq6Lz6WTgi+kQrjDWg8o="}},"dytdruhSe/93e6DXP90nPDj1Gv1xR0sLTh19pnigr6o=":{"valueMac":{"type":"Buffer","data":"WIola3gNdO5Y5ObJNZTpao/061Ezm8FpZxisbaHI9cE="}},"yl3uBxuHTvmoFnaidNBlAw5F1UPDnHRM/dkh7gFr5D0=":{"valueMac":{"type":"Buffer","data":"8OhBNrV2UMsF1WupxXkB/sKNQ1KQZrWkEub2J6gB5YA="}},"ISVy9BCSmA0+iUvo3yjsF/7+er1J+pYxXqekIsElhh8=":{"valueMac":{"type":"Buffer","data":"mJMw+noTzh6YHVF+Dgu7H7y+Lr3jdglhgoOvNpFpdLs="}},"zn2fSJMaOO4XfT+vhuc1MPli54+++3R738+j/VXT8DA=":{"valueMac":{"type":"Buffer","data":"OfOoodsq2BrEx4LXYMQj3v3tudToJXNABT3YNAzObIo="}},"rKUkt1De08aBrXK7Eqv2Hy/pzOsqqpstapoGm5nMH54=":{"valueMac":{"type":"Buffer","data":"jd3RFQZ7/wHMWS4COjPDA4Saev3ayfMywYhHFD1/tU0="}},"Nf4duZ0ANXFMbjPRNThDElr2GgV+foDjiYlzzpiSu/g=":{"valueMac":{"type":"Buffer","data":"iXuyNHYhIsgi8Z2z3H+Mr1OiVqe2qi/+ZbzU14wkgL0="}},"jen9y3pA7s0iLjr8D7vdFJkTDxg5tjlbkX2GgXQ+f4E=":{"valueMac":{"type":"Buffer","data":"yidM/prOZ7q4SH+b5WjdLHQPJvu6FmleoAA5jzaJQ9k="}},"OZ7B711V7LBsGNjVDjs4qeU3acUjxRABTnITJb6NKjU=":{"valueMac":{"type":"Buffer","data":"Mq39DBJPOR9/9gvjg7K6Z1iSxcu48SOjtFOlaRHNxoA="}},"iaWFDU7I34/KNZc0koAgytBl54UwHzbtjXLid3bxumE=":{"valueMac":{"type":"Buffer","data":"V4CJlnmsiZme9OeLYKAMuphzJm1eK6hlpCFhgBcvyZc="}},"hb8ev7cgyo5jTSZakNpybPbB9Yu00icCFo/xH/cV9JQ=":{"valueMac":{"type":"Buffer","data":"9tBe/0A/fy8MuObLaCV/gKMdttD9JYlC/D/NHqslJsQ="}},"0oiUKvbmpnl+KgYG/UeY2M9WpAL4vyqMHl4SPvd6yaI=":{"valueMac":{"type":"Buffer","data":"pDBPaoQ8jocp1Famu3c4e3L5cOEgkrZaM7n7+oMWZzw="}},"zu71Pdu3IEwBSJkAH9pPGC/KUk0mmly9b4GcSybCAZk=":{"valueMac":{"type":"Buffer","data":"icMMRQfofw4sE1PW9N3dWrsumbxEC2weOGmHSoKWnKQ="}},"QdTEP53v0T1BTXPyEq3aCv6nGiZe7VWaqwsQ5K/yoVY=":{"valueMac":{"type":"Buffer","data":"30Rum5DU1OkK8VycVdh0HpldqOoGlXyq8qUqR/T4QsQ="}}}}