{"noiseKey":{"private":{"type":"Buffer","data":"GJvxFb+vg1EMVlMKRqLexpkEC7r6nyPji6ifw3+QLXY="},"public":{"type":"Buffer","data":"Idbypu0Ht1ORtxWokrMCvKZ+BLY3oCnlE/b4iulFyxM="}},"pairingEphemeralKeyPair":{"private":{"type":"Buffer","data":"YB1Q0YOSAhyYd297ECbdk8cPsiRMklr4Kj1TDqnp4Uk="},"public":{"type":"Buffer","data":"4gU8htntWgszNa2l2qOs8TNuRylPdDwD5SnWHZHMLnM="}},"signedIdentityKey":{"private":{"type":"Buffer","data":"MKiDa1PxE4DQZqyLPTu2FfW6GmkAa4tpXTSWgDCbdVQ="},"public":{"type":"Buffer","data":"JOWgzgUrQk9AezfzLU95FG2OhUWKfox4+eBnp3lZ7Qg="}},"signedPreKey":{"keyPair":{"private":{"type":"Buffer","data":"mLKFvsSb+dboo8SlT6KPFEHOI8nYSVoO05oqc1ajh3U="},"public":{"type":"Buffer","data":"GO537IwL8uBpzYwJZ3d/ki0Mb0yTFZ5KEVYj37ANI2I="}},"signature":{"type":"Buffer","data":"shtk+OHYKCzMn3vrg0s4wmZ8fBAm1Of+Op1upkFj3/ykpPqxwcEdpxS1BkV4ACUxzmVquJN/Bx8x7BN9vmU7Ag=="},"keyId":1},"registrationId":34,"advSecretKey":"abbSWtolkrAoiJIVEhgLc+7Y1zYiq59H/kE/mo+Kj6g=","processedHistoryMessages":[{"key":{"remoteJid":"62882862691612@s.whatsapp.net","fromMe":true,"id":"C12C486A71E9A22E1D793B8490CA770C"},"messageTimestamp":1697444170},{"key":{"remoteJid":"62882862691612@s.whatsapp.net","fromMe":true,"id":"D0AC7B0998F36EF6C58469723C857B2F"},"messageTimestamp":1697444172},{"key":{"remoteJid":"62882862691612@s.whatsapp.net","fromMe":true,"id":"8C9B586257B76F37EEE662D57953A10D"},"messageTimestamp":1697444173},{"key":{"remoteJid":"62882862691612@s.whatsapp.net","fromMe":true,"id":"9B3BBB1C74EDAB5E1E5ED3174153CCDC"},"messageTimestamp":1697444173}],"nextPreKeyId":31,"firstUnuploadedPreKeyId":31,"accountSyncCounter":1,"accountSettings":{"unarchiveChats":false},"deviceId":"cetgNt10Sda6laixzIsVKg","phoneId":"b1075119-c9bf-430e-a71d-1487f921472c","identityId":{"type":"Buffer","data":"LnaBeNZrP0ymvT+l1/OlrLEjpao="},"registered":true,"backupToken":{"type":"Buffer","data":"hiJNlkUtrIjjzH0x4aNobJDAxHo="},"registration":{},"pairingCode":"S3SSBJD1","me":{"id":"62882862691612:2@s.whatsapp.net","name":"hyuk"},"account":{"details":"COnOoowGEMbis6kGGAE=","accountSignatureKey":"IlZrJn/785XEd0H8kIIiC3CiTsv9LByBF4fZnFLeUBQ=","accountSignature":"H1/BapVtKf97Qt9JiZYALPwrGlYgo6NMIBdxS/RxD1SjpGMduq7GpJz8vVzoB0IL3W39vPK1cxsXNsNZN4jeCQ==","deviceSignature":"V2R5ODChXaUCb0+ztRkEuvbHwSNCceEQ7qS6/qx9zoXBvyqEZgShk1vW9U7k4R2E7iox4/ubagjwpI9HWY7aAw=="},"signalIdentities":[{"identifier":{"name":"62882862691612:2@s.whatsapp.net","deviceId":0},"identifierKey":{"type":"Buffer","data":"BSJWayZ/+/OVxHdB/JCCIgtwok7L/SwcgReH2ZxS3lAU"}}],"platform":"android","lastAccountSyncTimestamp":1697444169,"myAppStateKeyId":"AAAAAP9N"}