{"_sessions":{"BUk11qyHmC5NztrHhB/mXQ6tEjzniQnZ9f+SEViUfHdC":{"registrationId":526559866,"currentRatchet":{"ephemeralKeyPair":{"pubKey":"BceNAgj3lrLoyPhfUrlt5qDRdTn/eTPWSpUVIX7qa4gb","privKey":"cCaSrsXG3qUZrkTArr5CvL9PR/zDOBRS9WHjfvXB9Wg="},"lastRemoteEphemeralKey":"BRibuSmBOtxhfuXIK2Y4Z2ZXd9mCvo0r1G196BBWqYM5","previousCounter":0,"rootKey":"D8bj3F0tlHdGjWs66OzBwomoWQ9kfHF2qaibCFsVn+o="},"indexInfo":{"baseKey":"BUk11qyHmC5NztrHhB/mXQ6tEjzniQnZ9f+SEViUfHdC","baseKeyType":2,"closed":-1,"used":1697444375595,"created":1697444292816,"remoteIdentityKey":"BVEEZjlWiQCm3kT9WVxeOcLfFqACABL7y48vCbH8Ygxh"},"_chains":{"BRFN5KPFPY4VIM6/2Gmz9Hz16TrT0czJiKA07an8JxRL":{"chainKey":{"counter":1},"chainType":2,"messageKeys":{}},"BRibuSmBOtxhfuXIK2Y4Z2ZXd9mCvo0r1G196BBWqYM5":{"chainKey":{"counter":9,"key":"RuNiBMgggeasfa3+1uQINJ87pFtziti5JIpWpnDJLJA="},"chainType":2,"messageKeys":{}},"BceNAgj3lrLoyPhfUrlt5qDRdTn/eTPWSpUVIX7qa4gb":{"chainKey":{"counter":-1,"key":"lRPBkzZa+UCAebjULKN31dcv1PlJXpw+nyuJ0dVHG4c="},"chainType":1,"messageKeys":{}}}}},"version":"v1"}