{"_sessions":{"BYRayYT+STv/SBGIALBPzpiiTVuUK7QpXryJV/1zBZQG":{"registrationId":1738245297,"currentRatchet":{"ephemeralKeyPair":{"pubKey":"BXILyVbr9y1yC9gs9fgdofkA0J+RbT4lY70fWuawGtNg","privKey":"qJE9ZtYNpIAIKQ9GQfpW+PrGq8QINDVW6yKPd7589U0="},"lastRemoteEphemeralKey":"BXqAgTWRPjFRovxlpoC8h1LxFdmYw9M4dJRfrJhY5rdc","previousCounter":0,"rootKey":"ozFIG5vAf59otEXR8GSYPedorxGArwgsyXLzh6Ek3oE="},"indexInfo":{"baseKey":"BYRayYT+STv/SBGIALBPzpiiTVuUK7QpXryJV/1zBZQG","baseKeyType":2,"closed":-1,"used":1697444170718,"created":1697444170718,"remoteIdentityKey":"BSJWayZ/+/OVxHdB/JCCIgtwok7L/SwcgReH2ZxS3lAU"},"_chains":{"BXqAgTWRPjFRovxlpoC8h1LxFdmYw9M4dJRfrJhY5rdc":{"chainKey":{"counter":7,"key":"ZF6PYLCyqnNlkHJ2UVgVQ4pzKG/DnXiC7jHwAZ0NLWE="},"chainType":2,"messageKeys":{}},"BXILyVbr9y1yC9gs9fgdofkA0J+RbT4lY70fWuawGtNg":{"chainKey":{"counter":0,"key":"GWEK2OxKgX5cURzgJzAHblCyJsvj4f90vRxaS8FRozs="},"chainType":1,"messageKeys":{}}}}},"version":"v1"}